frame,t,dividers,panel_means
0,0.0,,91.71
1,0.042,,91.88
2,0.083,,91.59
3,0.125,,91.46
4,0.167,,91.43
5,0.208,,91.94
6,0.25,,91.96
7,0.292,,91.98
8,0.333,,91.96
9,0.375,,92.19
10,0.417,,92.10
11,0.458,,92.23
12,0.5,,92.46
13,0.542,,92.62
14,0.583,,92.68
15,0.625,,92.91
16,0.667,,92.87
17,0.708,,92.72
18,0.75,,92.54
19,0.792,,92.41
20,0.833,,92.05
21,0.875,,91.52
22,0.917,,91.04
23,0.958,,90.88
24,1.0,,90.35
25,1.042,,89.58
26,1.083,,88.89
27,1.125,,88.39
28,1.167,,87.91
29,1.208,,85.43
30,1.25,,84.42
31,1.292,,81.77
32,1.333,,77.53
33,1.375,,76.06
34,1.417,,78.20
35,1.458,,80.25
36,1.5,,82.15
37,1.542,1,nan 82.48
38,1.583,4,nan 83.95
39,1.625,8,nan 84.50
40,1.667,15,nan 84.64
41,1.708,23,149.61 84.10
42,1.75,33,149.62 84.80
43,1.792,44,149.01 84.75
44,1.833,57,148.58 84.64
45,1.875,71,147.73 83.90
46,1.917,86,147.70 84.14
47,1.958,103,147.82 83.42
48,2.0,121,147.94 82.55
49,2.042,140,147.23 80.96
50,2.083,160,146.55 80.10
51,2.125,181,144.75 78.88
52,2.167,203,142.12 77.64
53,2.208,225,140.54 75.38
54,2.25,249,139.44 73.17
55,2.292,273,138.64 70.61
56,2.333,297,137.95 68.14
57,2.375,322,138.30 65.53
58,2.417,348,138.90 63.59
59,2.458,374,139.28 61.86
60,2.5,400,138.97 60.70
61,2.542,427,137.07 59.11
62,2.583,453,134.21 57.40
63,2.625,480,131.01 54.31
64,2.667,506,127.45 51.03
65,2.708,533,124.45 47.92
66,2.75,559,120.93 45.18
67,2.792,586,118.33 42.57
68,2.833,612,116.57 40.89
69,2.875,637,117.44 38.90
70,2.917,662,117.20 37.34
71,2.958,687,114.96 35.67
72,3.0,711,113.20 34.61
73,3.042,734,113.52 34.00
74,3.083,757,114.76 34.22
75,3.125,779,115.80 34.81
76,3.167,800,116.13 36.27
77,3.208,820,116.03 37.69
78,3.25,839,115.67 39.77
79,3.292,856,114.71 41.54
80,3.333,873,114.00 43.83
81,3.375,889,113.35 45.96
82,3.417,903,112.66 48.55
83,3.458,916,112.03 51.05
84,3.5,927,111.67 52.80
85,3.542,937,110.87 55.18
86,3.583,945,110.22 nan
87,3.625,951,109.40 nan
88,3.667,956,108.62 nan
89,3.708,,107.61
90,3.75,,106.82
91,3.792,,105.98
92,3.833,,105.28
93,3.875,,104.43
94,3.917,,103.44
95,3.958,,102.72
96,4.0,,101.93
97,4.042,,101.59
98,4.083,,101.28
99,4.125,,100.78
100,4.167,,100.22
101,4.208,,99.91
102,4.25,,99.56
103,4.292,,99.20
104,4.333,,99.10
105,4.375,,98.86
106,4.417,,98.28
107,4.458,,97.49
108,4.5,,96.42
109,4.542,,95.62
110,4.583,,95.26
111,4.625,,95.01
112,4.667,,94.98
113,4.708,,94.59
114,4.75,,94.25
115,4.792,,93.75
116,4.833,,93.35
117,4.875,,93.00
118,4.917,,92.80
119,4.958,,92.41
120,5.0,,92.02
121,5.042,,91.89
122,5.083,,91.68
123,5.125,,91.41
124,5.167,,91.23
125,5.208,,90.91
126,5.25,,90.44
127,5.292,1,nan 90.01
128,5.333,2,nan 89.62
129,5.375,4,nan 89.18
130,5.417,7,nan 88.78
131,5.458,11,nan 88.31
132,5.5,17,60.73 88.10
133,5.542,25,59.82 88.09
134,5.583,34,58.88 88.18
135,5.625,1 45,nan 59.24 88.35
136,5.667,3 59,nan 58.89 88.66
137,5.708,7 75,nan 58.32 89.06
138,5.75,13 93,nan 57.49 89.73
139,5.792,21 114,59.13 56.37 90.58
140,5.833,30 136,55.15 55.06 91.40
141,5.875,2 42 162,nan 53.99 53.40 92.55
142,5.917,5 55 189,nan 55.40 50.61 93.71
143,5.958,9 70 218,nan 54.41 47.59 94.92
144,6.0,14 86 249,nan 57.13 44.30 96.09
145,6.042,19 104 281,126.79 54.61 41.67 97.85
146,6.083,26 124 314,128.35 50.36 42.39 100.09
147,6.125,34 144 348,129.30 55.85 42.37 102.83
148,6.167,43 166 383,129.37 46.37 41.99 105.89
149,6.208,53 189 417,128.23 51.15 43.79 108.80
150,6.25,63 212 452,127.84 49.27 48.12 111.46
151,6.292,73 235 485,127.27 50.82 52.91 114.13
152,6.333,85 258 518,126.32 48.04 57.85 116.52
153,6.375,96 282 549,125.88 46.56 63.15 118.66
154,6.417,107 304 578,126.01 44.45 70.84 119.06
155,6.458,119 327 606,126.18 43.33 78.79 119.44
156,6.5,130 348 630,126.46 41.38 85.85 119.45
157,6.542,142 368 652,126.30 42.34 92.34 119.39
158,6.583,153 386 672,127.01 42.17 97.72 119.33
159,6.625,163 404 688,127.79 42.62 101.96 119.17
160,6.667,173 419 701,129.20 47.38 105.01 119.08
161,6.708,182 433 710,129.72 46.79 107.52 118.96
162,6.75,191 445 716,130.79 50.06 109.56 118.80
163,6.792,199 455 719,131.39 50.93 111.17 118.69
164,6.833,206 463 720,131.98 52.26 112.18 118.60
165,6.875,212 470 720,131.60 56.03 113.02 118.56
166,6.917,218 475 720,132.00 56.51 113.57 118.40
167,6.958,223 478 720,132.19 58.97 113.86 118.28
168,7.0,227 479 720,132.53 59.93 113.93 118.23
169,7.042,230 480 720,132.09 59.20 114.04 118.05
170,7.083,233 480 720,132.39 58.07 114.04 118.02
171,7.125,235 480 720,132.26 59.66 114.03 117.88
172,7.167,237 480 720,132.33 59.68 114.04 117.86
173,7.208,238 480 720,131.77 60.07 113.97 117.67
174,7.25,239 480 720,131.88 59.01 113.97 117.63
175,7.292,239 480 720,131.53 59.46 113.92 117.50
176,7.333,240 480 720,131.50 59.57 113.86 117.51
177,7.375,240 480 720,130.77 59.32 113.78 117.38
178,7.417,240 480 720,130.93 60.00 113.87 117.24
179,7.458,240 480 720,130.91 60.44 114.61 117.02
180,7.5,240 480 720,129.58 58.96 114.94 117.15
181,7.542,240 480 720,128.33 61.10 114.83 117.22
182,7.583,240 480 720,129.14 60.55 114.35 117.55
183,7.625,240 480 720,130.40 58.66 113.85 117.67
184,7.667,240 480 720,130.96 60.59 113.68 117.88
185,7.708,240 480 720,130.78 57.77 113.50 117.83
186,7.75,240 480 720,131.08 53.65 113.40 117.86
187,7.792,240 480 720,130.65 55.82 113.15 117.64
188,7.833,240 480 720,130.36 54.23 113.08 117.77
189,7.875,240 480 720,129.57 55.23 112.85 117.76
190,7.917,240 480 720,129.41 58.91 112.78 117.95
191,7.958,240 480 720,128.89 59.55 112.49 117.88
192,8.0,240 480 720,128.56 60.50 112.34 117.92
193,8.042,240 480 720,127.75 62.94 112.07 117.74
194,8.083,240 480 720,127.62 64.36 111.91 117.74
195,8.125,240 480 720,127.04 64.52 111.59 117.57
196,8.167,240 480 720,126.76 65.52 111.45 117.46
197,8.208,240 480 720,125.80 65.13 111.21 117.23
198,8.25,240 480 720,125.44 64.29 111.16 117.30
199,8.292,240 480 720,124.92 66.24 111.00 117.19
200,8.333,240 480 720,124.56 69.15 110.96 117.19
201,8.375,240 480 720,123.67 68.23 111.01 116.89
202,8.417,240 480 720,123.62 68.65 111.20 116.80
203,8.458,240 480 720,123.16 72.52 111.26 116.55
204,8.5,240 480 720,123.08 71.26 111.48 116.48
205,8.542,240 480 720,122.23 70.97 111.54 116.26
206,8.583,240 480 720,122.37 72.87 111.79 116.32
207,8.625,240 480 720,122.10 74.26 111.89 116.20
208,8.667,240 480 720,122.18 75.47 111.94 116.24
209,8.708,240 480 720,121.23 77.90 112.16 116.12
210,8.75,240 480 720,121.38 83.83 113.61 115.98
211,8.792,240 480 720,121.57 84.55 114.87 115.48
212,8.833,240 480 720,121.64 87.97 115.22 115.52
213,8.875,240 480 720,120.30 87.89 115.31 115.36
214,8.917,240 480 720,121.07 87.39 115.22 115.37
215,8.958,240 480 720,121.64 87.62 114.76 115.12
216,9.0,240 480 720,121.73 86.79 114.33 115.01
217,9.042,240 480 720,121.36 88.15 114.09 115.35
218,9.083,240 480 720,121.25 88.55 113.84 115.37
219,9.125,240 480 720,121.05 88.17 113.72 115.48
220,9.167,240 480 720,120.92 88.04 113.32 115.39
221,9.208,240 480 720,120.71 87.42 113.26 115.72
222,9.25,240 480 720,120.59 90.03 113.03 115.74
223,9.292,240 480 720,120.56 89.55 112.97 115.89
224,9.333,240 480 720,120.38 88.52 112.73 115.83
225,9.375,240 480 720,119.95 89.04 112.57 115.99
226,9.417,240 480 720,120.20 87.88 112.47 116.16
227,9.458,240 480 720,119.92 84.97 112.27 116.06
228,9.5,240 480 720,120.17 84.91 112.16 116.21
229,9.542,240 480 720,119.74 84.96 112.04 116.19
230,9.583,240 480 720,119.92 81.38 111.92 116.24
231,9.625,240 480 720,119.77 79.41 111.64 116.11
232,9.667,240 480 720,120.12 79.08 111.54 116.27
233,9.708,240 480 720,119.73 75.04 111.37 116.26
234,9.75,240 480 720,119.96 71.69 111.31 116.32
235,9.792,240 480 720,119.79 70.30 111.13 116.25
236,9.833,240 480 720,120.27 70.91 111.11 116.31
237,9.875,240 480 720,119.90 70.35 111.01 116.17
238,9.917,240 480 720,120.20 71.93 111.02 116.24
239,9.958,240 480 720,120.03 70.94 110.95 116.11
240,10.0,240 480 720,120.68 73.23 110.97 116.19
241,10.042,240 480 720,120.03 75.53 111.22 116.05
242,10.083,240 480 720,120.18 73.82 111.49 116.07
243,10.125,240 480 720,120.11 74.48 111.43 115.93
244,10.167,240 480 720,118.79 73.28 111.54 116.12
245,10.208,240 480 720,118.54 72.01 111.53 116.11
246,10.25,240 480 720,119.48 68.31 111.56 116.18
247,10.292,240 480 720,119.79 67.66 111.52 116.08
248,10.333,240 480 720,120.30 68.82 111.58 116.32
249,10.375,240 480 720,119.96 67.54 111.60 116.24
250,10.417,240 480 720,120.11 68.14 111.70 116.33
251,10.458,240 480 720,119.82 66.48 111.64 116.16
252,10.5,240 480 720,120.05 66.90 111.67 116.39
253,10.542,240 480 720,119.59 65.86 111.55 116.48
254,10.583,240 480 720,119.68 66.98 111.52 116.70
255,10.625,240 480 720,119.52 67.27 111.35 116.69
256,10.667,240 480 720,119.40 66.38 111.26 116.82
257,10.708,240 480 720,118.93 65.03 111.03 116.73
258,10.75,240 480 720,119.10 65.07 110.93 116.84
259,10.792,240 480 720,118.98 65.48 110.82 116.78
260,10.833,240 480 720,118.80 66.16 110.62 116.80
261,10.875,240 480 720,118.29 67.18 110.42 116.70
262,10.917,240 480 720,118.38 67.48 110.29 116.75
263,10.958,240 480 720,118.23 67.63 110.18 116.68
264,11.0,240 480 720,118.15 64.68 109.92 116.69
265,11.042,240 480 720,117.55 66.16 109.73 116.57
266,11.083,240 480 720,117.59 64.28 109.63 116.56
267,11.125,240 480 720,117.43 64.53 109.68 116.51
268,11.167,240 480 720,117.21 68.31 109.72 116.67
269,11.208,240 480 720,116.53 66.59 109.72 116.58
270,11.25,240 480 720,116.48 67.18 109.79 116.62
271,11.292,240 480 720,116.31 66.49 109.79 116.48
272,11.333,240 480 720,115.97 66.05 109.75 116.42
273,11.375,240 480 720,115.24 67.88 109.69 116.21
274,11.417,240 480 720,115.12 67.63 109.59 116.22
275,11.458,240 480 720,114.99 68.28 109.48 116.10
276,11.5,240 480 720,114.55 71.54 109.25 116.18
277,11.542,239 480 720,113.43 75.44 109.16 116.02
278,11.583,239 480 720,113.88 71.82 109.11 115.87
279,11.625,238 480 720,113.68 72.35 109.03 115.69
280,11.667,237 480 720,112.50 70.82 108.98 115.91
281,11.708,235 480 720,112.04 74.50 108.76 116.13
282,11.75,232 480 720,111.77 73.00 108.42 115.90
283,11.792,228 480 720,111.71 73.09 108.39 116.12
284,11.833,224 478 720,110.91 73.68 107.59 116.12
285,11.875,218 475 720,110.14 75.94 106.92 116.18
286,11.917,211 468 720,109.95 75.01 105.72 115.98
287,11.958,203 460 720,109.52 75.24 104.31 115.65
288,12.0,193 448 718,109.40 75.25 102.01 115.28
289,12.042,183 433 710,108.90 76.13 99.08 115.41
290,12.083,171 416 698,107.57 77.35 95.56 115.36
291,12.125,159 397 681,106.36 78.36 91.50 115.42
292,12.167,146 374 660,105.34 82.34 86.62 115.40
293,12.208,132 350 633,104.07 85.07 80.93 115.18
294,12.25,118 324 603,102.06 86.33 74.84 114.80
295,12.292,104 297 569,99.89 87.57 68.68 114.15
296,12.333,89 269 532,97.82 90.91 64.89 111.59
297,12.375,76 240 492,96.90 96.43 62.07 108.32
298,12.417,62 211 451,97.60 99.96 61.73 104.60
299,12.458,50 183 408,98.75 103.67 62.97 101.06
300,12.5,39 155 366,100.02 105.42 65.03 98.10
301,12.542,29 129 323,99.65 110.13 67.03 95.72
302,12.583,20 105 282,101.24 111.38 68.93 93.95
303,12.625,13 83 243,nan 114.87 71.39 92.61
304,12.667,7 63 205,nan 116.83 73.99 91.32
305,12.708,3 46 171,nan 118.93 75.97 90.89
306,12.75,32 139,121.02 77.79 90.62
307,12.792,20 111,121.73 79.44 90.22
308,12.833,11 87,nan 81.11 90.09
309,12.875,5 65,nan 82.43 89.93
310,12.917,1 48,nan 83.45 89.79
311,12.958,34,84.41 89.49
312,13.0,22,85.48 89.38
313,13.042,14,nan 89.38
314,13.083,8,nan 89.40
315,13.125,4,nan 89.29
316,13.167,2,nan 89.29
317,13.208,1,nan 89.21
318,13.25,,89.25
319,13.292,,89.13
320,13.333,,89.16
321,13.375,,88.98
322,13.417,,88.94
323,13.458,,88.81
324,13.5,,88.88
325,13.542,,88.82
326,13.583,,88.81
327,13.625,,88.71
328,13.667,,88.80
329,13.708,,88.68
330,13.75,,88.62
331,13.792,,88.55
332,13.833,,88.63
333,13.875,,88.73
334,13.917,,89.01
335,13.958,,88.98
336,14.0,,89.10
337,14.042,,88.99
338,14.083,,88.88
339,14.125,,88.77
340,14.167,,88.84
341,14.208,,88.86
342,14.25,,88.96
343,14.292,,88.90
344,14.333,,88.94
345,14.375,,88.84
346,14.417,,88.82
347,14.458,,88.77
348,14.5,,88.98
349,14.542,,89.00
350,14.583,,89.09
351,14.625,,88.97
352,14.667,,88.92
353,14.708,,88.81
354,14.75,,88.71
355,14.792,,88.52
356,14.833,,88.43
357,14.875,,88.25
358,14.917,,88.19
359,14.958,,88.02
360,15.0,,87.84
